Name,key
Weather4us,8617
Haystack TV Local & World News,172665
Aquatic Life,123095
CLOC,1861
Ouroborealis,2388
Fireflies Screensaver Free,15673
A Diff Flip Clock,2232
Unsaver,162734
Earth Live!,255399
Floating Circles,11250
Life in 4K,260451
FunSaver,2050
Fireplace.TV,205359
Nature Live - Screensavers,224879
Only Dogs,237732
USB Screen Saver,2095
Quotes from Shakespeare,23932
Neon Party Games Screensaver,91938
Black Screen Saver,134322
Fireplace TV,276653
Only Cats,242124
Aquarium Screensaver,17093
City Stroll: Skyline,227702
The Jokery,264457
Kinetics Splash,120374
Tessa,260165
Laze.Life - Screensaver,178906
HD Carolina Screensaver,89893
QUOTE MASTERS,264399
WORD OF THE DAY!,270773
Fireworks Channel,143095
Countdown to the Magic,47874
PowerTrip TV,220737
Matrix-esque,246048
Beauty wild nature,296781
Lovely Cats,268589
Awesome PhotoTV,222212
Relaxing Beach Sunsets TV,225305
4K,285211
The Onion Headline Screensaver,4738
RelaxTube,298316
Flame of Anor,231256
Our Superheroes,292089
Nature HD Photobook,296436
Getreel Fireplaces,246584
Clever Clocks Screensaver,18174
Check the Headlines,276700
Valentines Day Screensaver,216942
Only Fruits,240097
HQ Mountains Wallpapers,294460
Christmas Winter,36014
Alien Worlds,22564
JARO Black Art Screensaver,277079
Nature of the earth,296802
City Stroll: Movie Magic,227777
Restaurante Mexico,132457
Nature HD Wallpapers,296674
Space Saver,31645
Middle Eastern Restaurant,128239
Artcast,20351
Black Screen,88986
Restaurante Andes,132922
Nature HD Screensaver,296761
Chess Screensaver,213315
Reef Screensavers,293571
ScreenJuice Space,44269
Beautiful Latinas,296153
Laze.Life - Lighthouses,104765
beauty nature,296890
RestauranteAndes,134338
SCREENZAVER.Nature,57619
Screensaver Channel,48885
Stuck In Customs,3531
Kitten Saver,31706
Beaches Screensaver,56605
ScreenJuice Elements,41956
Your Photos Screensaver,48856
HD Aquarium,265610
Laze.Life - Waterfalls,108081
Animated Aquarium Screensaver,292364
Space Screensaver,136140
Nature HD Pictures,293311
Laze.Life- Cities,106164
Adult Halloween,117504
Starfield,59305
Beautiful Busts,190455
Wild Lakes,37065
Halloween Screensaver,48167
Landscapes Gallery,292568
SLIDE,42985
Tattoo Girls,114856
Lazy Cats,293734
Puppy Screensaver,136037
Christmas Screens,36213
Exotic Women,114846
National Parks Screensaver,157214
Laze.Life - Winter,106166
Nixie Clock Screensaver,51283
Cielos Chilenos,274370
Christmas Screensaver,122224
Lightning Storm Screensaver,259875
All Birds,84283
Snowy Wonderland Screensaver,202775
Exotic Landscapes,122664
JARO Arte Latino Screensaver,289667
Fall Screensaver,48166
Serenity & Meditation,293966
Northern Lights,133653
Laze.Life - Fall,106165
Daylight Clock Screensaver,51281
Lakes screensaver,52064
SCREENZAVER.Reef,57685
Halloween Screen Saver,191863
Laze.Life - Bridges,106198
Funny puppies,294417
Girls on the Beach,114961
Fantasy spacesaver,47274
Puppy Saver,31774
Animated Flip Clock,51282
Merry Christmas Screensaver,196102
Amazing Waterfalls,236974
Dashcoop,249075
Nature Screensaver,137535
Cute couple,290582
Quintescenic,60106
Screensaver For Reddit,86135
SCREENZAVER.Kittens,61481
SCREENZAVER.Horses,61666
Fantasy Girls,114952
Autumn Screensaver,192120
Thanksgiving Screen Saver,195250
Fall Colors Screensaver,185933
Snow Screensaver,201536
Psychedelic Screensaver,271214
George Washington Screensaver,271321
Hawaii Screensaver,189212
Fourth of July Screensaver,159843
Beautiful Beaches,232069
Sexy Underwear,291689
Christmas,34643
Winter Wonderland,128411
Car Screensaver,47981
USpace & Clock,104281
Girls with Guns,114972
Yosemite Screensaver,200632
Cities at night,47306
Beautiful Blondes,290588
American Seasons and Holidays,71571
Brunettes and Blondes,114889
Halloween 2016,117570
Dreamy Screensaver,58448
Amazing Polar Clock,220440
SCREENZAVER.Castles,61483
Beach Vacation Screensaver,145235
Easter Screensaver,148443
Snowy Winter Screensaver,198462
Night Sky,223388
Analog Clock,222390
Valentine's Day Screens,82916
Bible Screensaver,205634
Laze.Life - Beauty,112323
Sea Creatures Screensaver,212537
Positive Affirmations,266807
SCREENZAVER.Flowers,61480
Radar HD,34461
Ireland Screensaver,207956
Northern Lights Screensaver,193624
Squirrel Screensaver,196938
Sunrise Sunset Screensaver,189299
Landscape Screensaver,48795
Autumn Colors,252055
SCREENZAVER.Puppies,57621
Kitten Screensaver,137488
After Dark Screensaver,295045
All Abandoned,96944
Military Aircraft,210420
Scary Halloween,255200
Holy Christmas Screensaver,203181
UUSA,175596
UOcean,111429
More Quotes from Shakespeare,23933
Fireworks Screensaver,259643
Night Dreams,138904
Scotland Screensaver,207737
Big Cats,252935
Stormy Seas Screensaver,202787
UChristmas,119619
Portugal Screensaver,212105
Kinetics 3,58245
New Years 2018,198892
SCREENZAVER.Birds,57684
Icy Winter,260197
Happy Easter,86132
Moon Screensaver,272728
Sexy Bikini,291645
Lego Fans,160237
St Patrick's Day Screensaver,145418
Tight Dresses,290155
All Rainbows,93494
Moons and Stars,138928
Edgy and Beautiful,139415
Oregon Beaches,14054
Yellowstone Screensaver,184087
Beautiful Brunettes,290981
Word Clock Screensaver,51284
Happy Halloween,252956
New Years 2019,209583
Butterflies,220856
SCREENZAVER.Cities,61484
UCoffee,164301
UCities,105579
SCREENZAVER.Military,57623
Animals,94332
Christmas Kittens,262381
Trains Screensaver,270869
Kinetics Painter,86266
Halloween Scream Screensaver,257952
Panorama Screensaver,141041
SCREENZAVER.London,57626
Nature Scape,95068
Flowers,10984
Buck Fever Screensaver,258946
Sea Turtles,263838
Grand Canyon Screensaver,175941
Japan Screensaver,216593
Jellyfish Screensaver,208037
Hot Rod Cars,252087
Beautiful Beach Babes,291753
Cats 'n' Dogs,215446
Hummingbirds,257907
African Animals,220485
Into the Blue,95744
Thanksgiving Photo Screensaver,259157
Classic Cars,160198
Stormy Weather Screensaver,275818
U.S. History Facts,213192
Ten Commandments Screensaver,261144
California Succulents,158567
Mexico Screensaver,210864
Christmas Lights,261723
Arches Screensaver,197252
UBible,198905
UWinter,264485
Golf Screensaver,259393
ScreenJuice Macro,44268
Mornings,138944
Tropical Fish,253322
Valentine's for Guys,138920
Englands Treasures,205694
Bikini Screensaver,271517
Retro Sci-fi Screensaver,267374
Sand and Ocean,273186
Scotland,260216
Owls,258678
Chicks and Bunnies,86130
Fire and Ice,138927
White Screensaver,134281
Hot Air Balloons,220518
Pride Screensaver,268144
Fireflies Screensaver,27361
Desert Beauty,37055
Majestic Horses,253913
ScreenShades,8067
Christmas Tree Decorations,260103
Laze.Life - Trees,296971
Whips and Chains,294319
UCats,102486
Majestic Alaska,254838
Sunrise & Sunset - Photo Ronin,271697
Happy New Year Screensaver,198980
Christmas Screen saver,262746
SCREENZAVER.Models,59461
Hacker Screensaver,278271
Steampunk Sci-Fi Halloween,117590
Angry Hulk,271766
Cowgirls,114890
Asian Wisdom Screensaver,261418
Pirate Ships,258546
More Dogs Please Screensaver,175306
Christmas Joy,261114
Yoga Pants Screensaver,272686
New York City Screensaver,264631
Valentine's Day Screensaver,134447
Poster Carousel,207827
French Treasures,206008
UDogs,103906
Hawaii Screen Saver,273167
Kinetics K4k,209847
SCREENZAVER.Bikes,57686
Animated Cherry Blossoms,285232
Colorful Tulips,273121
Jesus Screensaver,136183
Female Fitness Screensaver,208507
Landscapes by Photo Ronin,263868
Aquarium Fish,293915
Snow Men,263800
Cute Captions,27526
Army Screensaver,217008
Candy Screensaver,208565
Iceland,254388
UApollo,108466
Abs Screensaver,192028
Baby Got Back Screensavers,296471
Space Weather,70432
God Bless America Screensaver,269538
Hot Beach Girls,292067
UNature,140880
American Flag Screensaver,272747
Valentine's Day for Guys,82962
Blockwave Screensaver,18724
Cowboy Up Screensaver,269070
North American Animals,232355
H2O,119449
Spooky Halloween,259244
African Safari,128303
starwarsscreensaver,293736
Cherry Blossom Screen saver,278367
Bikini Babes Screensavers,293007
Venice,232221
Christmas Tree Screensaver,264630
Easter for Guys,86122
Beach Girls Pics,294353
Underground Marvels,117683
Christmas HD,198840
UFood,159089
Beer Screensaver,211702
Colorful Succulents,260122
Aves coloridas,252286
Shark Screensaver,278369
Happy Thanksgiving,254584
Kinetics Screensaver,53573
True Screensaver,20241
Memorial Day,158599
Stars Screensaver,280059
Bible Screen saver,262670
VIBES,156355
Stars Screensaver,280059
VIBES,156355
MLK Screensaver,136170
St Patricks Day,273953
Happy Mother's Day,275432
Rustic Barns,275869
Canada's Treasures,205724
Easter for Families,86131
Hyper Space Screensaver,280324
Fall Flowers Screensaver,192638
Rare Landscapes,292321
Smart Shapes,151920
Guitars Screensaver,283692
Frogs,252033
ScreenJuice Autos,42567
Sexy Feet Screensaver,273165
All Spiders,87334
Las Vegas Screensaver,272769
Mardi Gras Screensaver,213986
Dolphin Screensaver,273074
Baby Animals,249414
Sexy Beach Girls,294379
Cute Pets ScreenSaver,268805
UCars,148657
Spring Screensaver,278337
Canyonland Screensaver,199199
Dia de los Muertos Screensaver,259772
Nightcaps,138929
Colorado by Photo Ronin,274737
Baseball Screensaver,259250
Easter Bunnies and Chicks,212213
All Baby,108527
Happy Dogs,253367
Volcanoes Natures Fury,240429
Flowers and Bees,226942
gotscreensaver,293646
Night Life,138963
All Abandoned 2,117532
Kinetics Bloom,220078
Gun Screensaver,273146
Binary Clock Screensaver,51280
Fotum,109033
Beauty of Nature,292460
Panda Screensaver,271483
Central America,208057
Colorful Aurora Borealis,261676
Spain,258777
Fly Fishing Screensaver,259017
Germany,255312
Beautiful Roses,278800
Flowers - 1 of 2 - Photo Ronin,271837
Sexy Costume Screen Saver,271298
Without bikini,550767
Scenic Russia,257643
Lightning Screen saver,292590
Nature Wallpapers,293376
Jupiter,241938
Animated Racecars,290745
Badlands Screensaver,189377
SphereSaver,76059
Veterans Day Screensaver,259943
Man Made Wonders Screensaver,212931
Analogium Horologium,224733
Laze.Llife - Oceans,297089
"Beer, Steak and Potatoes",138918
Slot Machine Screensaver,267430
Spring Pansies,278726
Religious Christmas Screensave,262747
Horse Screensaver,273132
Garden of the Gods,230236
Waterfalls,278349
Scenic Landscapes,291385
Beach Girls Wallpapers,293837
Wild Dogs,276673
Flowering Trees,276628
Hawaiian Beaches,290895
Sweden,254464
ThanksgivingScreensaver,262443
Planet Earth,253342
Rodeo Life - Bull Riding,269775
SCREENZAVER.Ultimate,61937
Magnificent Mountains,293899
Sexy Bunny Screensaver,278321
South America,206142
GaiaCam,176249
Flash Lightning,293430
Laze.Life - Weather,291118
Frisky Kittens,254893
Birds of Prey,212235
Winter Saver,50698
Mercury,220045
Nepal and Mount Everest,254045
Dragonflies,274101
kaleidoscope screensaver,278200
Texas Screensaver,272730
Dragonflies,274101
Easter Bunnies and Eggs,278750
Happy Valentines Day,271488
Blossom and Bloom,100547
Memorial Day Screensaver,291433
Chinese New Year,134323
Exotic Beaches,290651
Father's Day Screensaver,159074
London,271494
The Middle Ages,275769
Animals by Photo Ronin,263920
Motorcycles Screensaver,282158
Football Screen saver,262484
Animated Music Notes,284885
Tropical and Desert Flowers,189860
Dirt Bikes Screensaver,282946
Sloths Screensaver,293960
Birds by Photo Ronin,263508
Holland,254078
Laze.Life - Spring,112268
Summer Screensaver,280218
Happy Valentines Screensaver,200656
Snakes Screensaver,252201
Cutest Kittens Screensaver,292589
Dogsscreensaver,296487
Baby Pigs Screensaver,271307
Pikes Peak,230881
Snakes Screensaver,252201
Paris Screensaver,293894
Car Screen Saver,265572
Country Churches Screensaver,197513
Flowers - 2 of 2 - Photo Ronin,271742
Heavenly Skies,292332
Ancient Castles,281702
Girls in Bikini,294496
Alien Screensaver,265602
Red Rock Canyon Screensaver,254608
Wild Nature,292524
Flowering Herbs,259370
Abstract Designs,292171
Venus,193426
Ancient Churches,273103
Italian Screensaver,273106
Funny Cats Photos,293525
Decadent Desserts,201900
Cityscapes Screensaver,292178
Color Shades of Gray,160209
Laze.Life - Moments,112292
Football Screensaver,261406
Clown Fish Aquarium Screensave,291506
Christmas Village,265892
Amazing Cities,293830
Red Foxes,276651
Groundhog Screensaver,210244
Beach. Girls. Bikini.,292679
Colorful Lighthouses,261713
Laze.Life - Moments,112292
Jellyfish Screen Saver,295918
Lizards,252131
All Beach Girls,294000
Hanukkah,201773
Bird Hunting Screensaver,259440
More Lighthouses,261590
Fireworks Screen Saver,280270
Hockey Screensaver,262475
Basketball Screensaver,266659
Easter Celebration Screensaver,283085
Colorful Weeds,260219
China,255136
Stained Glass Windows,261696
Chicago Screensaver,295901
Western Europe Cities,281555
Bird Screensaver,278287
Easter Eggs & Bunnies,151599
Drums Screensaver,284363
Lights of Las Vegas,295835
Giraffe Screensaver,265661
UTech,153601
Thanksgiving Joy,261638
Clouds in Motion,550738
Nature 999,275817
Laze.Life - Motorcycles,297001
New York Screensaver,294610
Colorful Clouds,294689
Cardinal Screensaver,280026
Beach Girls Images,294418
Bunny Screensaver,278319
Eastern Europe Cities,281465
Winter Snow,271353
Robert E Lee Screensaver,267444
Yoga Screensaver,263383
Painted Desert Screensaver,196960
Gumballs,193493
St Patrick's Day,275428
Laze.Life - Horses,291302
Piano Screensaver,284637
Beach Screensavers,297011
Laze.Life - Horses,291302
NOLA Screensaver,272729
USA National Parks 1,296398
Floral Screensaver,295058
Aurora Borealis Screensaver,294099
African American History Scree,271550
Animated Balloons,290899
Hot Chocolate,273163
Valentine's Day,271392
St Patricks Day Screensaver,273187
New Orleans Screensaver,296366
Laze.Life - Classic Cars,296695
Laze.Life - Sky,296789
Soccer Screensaver,266708
Kinetics K2,211541
San Francisco,294369
UFO Screensaver,296844
Beach Volleyball Screensaver,261362
Mexico Screen saver,280230
Rodeo Life - Barrel Racing,269541
Petrified Forest Screensaver,197122
SnakeCity ScreenSaver,271675
America Screensaver,280141
Rodeo Life - Barrel Racing,269541
Dubai Screensaver,273145
CruiseFaux,290742
Rodeo Life - Bronc Riding,269642
Pizza Screensaver,226204
Surfs Up,291246
Babes and BBQ Screensavers,296647
Chinese Lanterns,223212
Lovely Beach Girls,292509
Planets,292506
Drone Photos,273174
This is Chile,275214
Fitness Club,273353
American Flag,291543
Flower Screensaver,278358
999 cars picture,286518
Italy Screensaver,295373
4th of July Screensaver,296611
Bugs Screensaver,274146
Greece Screensaver,295396
999 abstract pictures,286398
Milkshake Screensaver,265611
Bali Screensaver,291480
Ambient Nature,292498
Italy Screensaver,295373
FD Screensaver,115800
Desert Scenes,273113
999 classic Art and paintings,286278
Darts Screensaver,266666
London Screensaver,293797
Crypto Market Live Price Chart,260645
Hawaiian Flowers,293956
Laze.Life - Cats,290935
More Butterflies,291337
Spring Flowers Screensaver,292405
Valentines Hearts Screensaver,271287
Laze.Life - Summertime,296599
Chinese New Year 2019,271382
Icicles of Winter,271670
Polar Bear Screensaver,268155
Tattoos Screensaver,294360
Ballet Screensaver,284140
Golfers Paradise,261684
Cookies Screensaver,294396
Adorable Puppy,271777
Lake Screensaver,280231
Neon Lights,292452
Rodeo Life - Calf and Steer,270006
Rodeo Life - Calf and Steer,270006
Pony Screensaver,273147
Cute Dogs Pics,293969
Hong Kong Screensaver,296658
Natures Wonders,550683
New Zealand Screensaver,550717
Zoo Animals,293914
Sci Fi Screensaver,550711
Hot Air Balloon Screensaver,293783
Presidents Day,271474
Abraham Lincoln Screensaver,271320
Wild But Cute Animals,288465
Robot Screensaver,297756
Meditation Photobook,293867
fourthofjuly,296838
Africa Screensaver,292213
Fourth Of July Screensavers,296957
Father's Day Screen Saver,294427
Mother's Day Screensaver,290611
Rhino Screensaver,278310
Laze.Life - Fences,296969
Lighthouse Screensaver,295861
Ducklings Screensaver,280313
Mother's Day Screensaver,290611
Clown Fish,294047
Motorcycle Screensaver,292983
Christmas Angels,261689
Cupid Screensaver,271559
Washington DC,294436
USA National Parks 2,296081
Beautiful Birds,296493
Cute kitten,290797
999 Animal picture,285540
Alps Screensaver,291494
Cheetah Screensaver,280198
USA National Parks 3,296455
Food Porn Screensaver,553095
Classic Hot Rods,550919
Adorable Pets,273199
Cinco De Mayo Screensaver,280123
Rio de Janeiro screensaver,276144
Skiing Screensaver,268129
Amazon Rainforest,296899
Brass Band Screensaver,284256
Easter Egg Screensaver,280249
Church Screensaver,280142
Thailand Screensaver,296542
Cinco De Mayo Screensaver,280123
Brass Band Screensaver,284256
Canadian Pride Screensaver,280087
Rio de Janeiro screensaver,276144
Fishing Screensaver,295761
Cuba Screensaver,296213
Amazing Rock Formations,294533
Volcano Screensaver,296672
Valentine Special,273169
Croatia,294079
Let's Dance! Screensaver,289251
Coral Reef Screensaver,296715
Monkey Screensaver,292535
Cycling Screensaver,292982
Ice Skating Screensaver,269630
British Screensaver,296109
Wedding Screensaver,293898
Fathers Day Screensaver,294394
Snowboarding Screensaver,268174
Deer Screensaver,294763
Meditation HD Photos,293396
Starfish Screensaver,296216
Passover Screensaver,280166
Island of Crete,550782
Prague Screensaver,297061
Orchestra Screensaver,284572
Passover Screensaver,280166
Turtle Screensaver,296229
Vancouver Screensaver,296841
Scuba Diving,291472
Paragliding,292116
Colorful Hydrangea,298364
Summer Flowers,298617
Ballerina Screensaver,280240
Kangaroo Screensaver,280068
Baby Elephants Screensaver,297664
Parrots,552147
Butterflies in Motion,553358
Vienna Screensaver,297118
Vietnam Screensaver,294699
Chipmunks,552145
Colo Colo 1991,275426
Esto es Boca,276044
Colorful Hot Air Balloons,552156
fathersdayscreensaver,293805
Colorful Kites,552146
Fish in Motion,553274
LGBT and Proud Screensaver,554092
Easter Island Screensaver,295911
Hot Air Balloons in Motion,553086
Welcome To The Jungle,553997
